{
    "lo": {
        "v_zero": -0.052599073184427685,
        "v_cor": 9.002329224640157,
        "z_ave": 27.001123707500003,
        "v_seq": [
            9.002329224640157,
            12.652329224640157,
            16.302329224640157
        ],
        "efield": [
            0.12594545489017817,
            0.17701011814320708,
            0.228074781396236
        ]
    },
    "hi": {
        "v_zero": 2.9605772433968736,
        "v_cor": -7.55333237358597,
        "z_ave": 26.94612367625,
        "v_seq": [
            -7.55333237358597,
            -3.90333237358597,
            -0.2533323735859696
        ],
        "efield": [
            -0.10567352714941618,
            -0.05460886389638727,
            -0.00354420064335837
        ]
    },
    "pbc": {
        "z_lo": 5.9231252375,
        "z_hi": 35.551876783750004
    }
}