{
    "lo": {
        "v_zero": -0.03906125408210083,
        "v_cor": 5.5251187397642445,
        "z_ave": 26.88987101875,
        "v_seq": [
            12.825118739764246,
            16.47511873976425,
            20.125118739764247
        ],
        "efield": [
            0.17942749852771825,
            0.23049216178074716,
            0.28155682503377605
        ]
    },
    "hi": {
        "v_zero": 3.452986947543712,
        "v_cor": -7.3504068067628126,
        "z_ave": 26.9148734375,
        "v_seq": [
            -7.3504068067628126,
            -3.700406806762812,
            -0.05040680676281184
        ],
        "efield": [
            -0.10283453379729164,
            -0.051769870544262735,
            -0.0007052072912338319
        ]
    },
    "pbc": {
        "z_lo": 5.93187528875,
        "z_hi": 35.5831270225
    }
}