{
    "lo": {
        "v_zero": 0.5316525963252311,
        "v_cor": 3.7699216593576472,
        "z_ave": 26.925500677499997,
        "v_seq": [
            3.7699216593576477,
            7.419921659357648,
            11.069921659357648
        ],
        "efield": [
            0.05274240548641047,
            0.10380706873943937,
            0.15487173199246826
        ]
    },
    "hi": {
        "v_zero": 1.8443986235216718,
        "v_cor": -3.4720734821893204,
        "z_ave": 26.981748890625003,
        "v_seq": [
            -3.4720734821893204,
            0.17792651781067992,
            3.8279265178106803
        ],
        "efield": [
            -0.04857541456377235,
            0.002489248689256553,
            0.053553911942285454
        ]
    },
    "pbc": {
        "z_lo": 5.9275002175000004,
        "z_hi": 35.586251259375
    }
}