{
    "lo": {
        "v_zero": -0.12619518490405934,
        "v_cor": 6.839770460077291,
        "z_ave": 26.88737525,
        "v_seq": [
            6.83977046007729,
            10.48977046007729,
            14.13977046007729
        ],
        "efield": [
            0.09569056856763324,
            0.14675523182066214,
            0.19781989507369105
        ]
    },
    "hi": {
        "v_zero": 2.650073588421393,
        "v_cor": -5.532325492731566,
        "z_ave": 26.920498446875,
        "v_seq": [
            -5.532325492731566,
            -1.8823254927315656,
            1.7676745072684348
        ],
        "efield": [
            -0.07739899679246152,
            -0.02633433353943263,
            0.024730329713596275
        ]
    },
    "pbc": {
        "z_lo": 5.90937525,
        "z_hi": 35.597501993125
    }
}