{
    "lo": {
        "v_zero": 2.1052933150850834,
        "v_cor": -4.032683398145415,
        "z_ave": 26.896124021250003,
        "v_seq": [
            -4.032683398145415,
            -0.3826833981454145,
            3.267316601854586
        ],
        "efield": [
            -0.05641852595407558,
            -0.005353862701046678,
            0.04571080055198223
        ]
    },
    "hi": {
        "v_zero": 1.2998005820069791,
        "v_cor": 4.497841532881399,
        "z_ave": 26.919873550625,
        "v_seq": [
            4.497841532881399,
            8.1478415328814,
            11.7978415328814
        ],
        "efield": [
            0.06292623650467834,
            0.11399089975770724,
            0.16505556301073615
        ]
    },
    "pbc": {
        "z_lo": 5.88812524125,
        "z_hi": 35.558126449375
    }
}