{
    "lo": {
        "v_zero": 1.4481233015653745,
        "v_cor": 1.845452485771421,
        "z_ave": 26.959249543124997,
        "v_seq": [
            1.8454524857714212,
            5.4954524857714215,
            9.145452485771422
        ],
        "efield": [
            0.0258184684206528,
            0.0768831316736817,
            0.1279477949267106
        ]
    },
    "hi": {
        "v_zero": 2.5634371710053863,
        "v_cor": -2.4046971460179876,
        "z_ave": 26.885498836875005,
        "v_seq": [
            -2.4046971460179876,
            1.2453028539820128,
            4.895302853982013
        ],
        "efield": [
            -0.03364247944847348,
            0.017422183804555423,
            0.06848684705758433
        ]
    },
    "pbc": {
        "z_lo": 5.931250303124999,
        "z_hi": 35.602501393124996
    }
}