{
    "lo": {
        "v_zero": 1.176079326439669,
        "v_cor": 3.1147491100462688,
        "z_ave": 26.936125713125,
        "v_seq": [
            3.1147491100462688,
            6.764749110046269,
            10.41474911004627
        ],
        "efield": [
            0.04357633271840662,
            0.09464099597143552,
            0.14570565922446443
        ]
    },
    "hi": {
        "v_zero": 2.562234795352884,
        "v_cor": -2.2349172112855817,
        "z_ave": 26.934873652500002,
        "v_seq": [
            -2.234917211285582,
            1.4150827887144182,
            5.0650827887144185
        ],
        "efield": [
            -0.03126720405279362,
            0.01979745920023529,
            0.07086212245326419
        ]
    },
    "pbc": {
        "z_lo": 5.938125253125,
        "z_hi": 35.6031262875
    }
}