{
    "lo": {
        "v_zero": 2.7196350454989675,
        "v_cor": -13.86800137305922,
        "z_ave": 27.006123263124998,
        "v_seq": [
            -13.86800137305922,
            -10.21800137305922,
            -6.56800137305922
        ],
        "efield": [
            -0.19401775893364698,
            -0.14295309568061806,
            -0.09188843242758918
        ]
    },
    "hi": {
        "v_zero": -0.43969212827783144,
        "v_cor": 10.484935040873479,
        "z_ave": 26.991123270000003,
        "v_seq": [
            14.13493504087348,
            17.784935040873478,
            21.43493504087348
        ],
        "efield": [
            0.19775224601798425,
            0.24881690927101313,
            0.2998815725240421
        ]
    },
    "pbc": {
        "z_lo": 5.948125243125,
        "z_hi": 35.57687688
    }
}