{
    "lo": {
        "v_zero": 1.3293888331102595,
        "v_cor": -0.19958582116034626,
        "z_ave": 26.980500411875003,
        "v_seq": [
            -0.19958582116034584,
            3.300414178839654,
            6.800414178839654
        ],
        "efield": [
            -0.00279226924592666,
            0.04617384620218324,
            0.09513996165029315
        ]
    },
    "hi": {
        "v_zero": 1.9567191604880942,
        "v_cor": 0.14264918875584043,
        "z_ave": 27.0242489075,
        "v_seq": [
            0.14264918875584076,
            3.6426491887558408,
            7.142649188755841
        ],
        "efield": [
            0.001995707612913634,
            0.05096182306102354,
            0.09992793850913344
        ]
    },
    "pbc": {
        "z_lo": 5.912500261875,
        "z_hi": 35.5837512025
    }
}