{
    "lo": {
        "v_zero": 0.6726533008956407,
        "v_cor": 5.8479255061369155,
        "z_ave": 26.977373319999998,
        "v_seq": [
            9.497925506136916,
            13.147925506136916,
            16.797925506136917
        ],
        "efield": [
            0.13287900481458512,
            0.183943668067614,
            0.23500833132064292
        ]
    },
    "hi": {
        "v_zero": 3.3508123167711648,
        "v_cor": -9.169307167323462,
        "z_ave": 26.901748730625002,
        "v_seq": [
            -9.169307167323462,
            -5.519307167323461,
            -1.869307167323461
        ],
        "efield": [
            -0.12828152952409777,
            -0.07721686627106887,
            -0.026152203018039968
        ]
    },
    "pbc": {
        "z_lo": 5.9193753,
        "z_hi": 35.576251269375
    }
}