{
    "lo": {
        "v_zero": 0.2626455642692563,
        "v_cor": 3.126585222400937,
        "z_ave": 26.914873613750004,
        "v_seq": [
            3.126585222400937,
            6.7765852224009375,
            10.426585222400938
        ],
        "efield": [
            0.04374192370241105,
            0.09480658695543995,
            0.14587125020846886
        ]
    },
    "hi": {
        "v_zero": 2.0131248812690403,
        "v_cor": -2.23899306988847,
        "z_ave": 26.992998911250005,
        "v_seq": [
            -2.23899306988847,
            1.4110069301115304,
            5.061006930111531
        ],
        "efield": [
            -0.03132422661362195,
            0.019740436639406955,
            0.07080509989243586
        ]
    },
    "pbc": {
        "z_lo": 5.92687529375,
        "z_hi": 35.56500148875
    }
}