{
    "lo": {
        "v_zero": 2.264221048967229,
        "v_cor": -2.657344775831272,
        "z_ave": 26.924247516875003,
        "v_seq": [
            -2.6573447758312714,
            0.992655224168729,
            4.642655224168729
        ],
        "efield": [
            -0.037177100308224506,
            0.013887562944804399,
            0.06495222619783331
        ]
    },
    "hi": {
        "v_zero": 1.4884808907923641,
        "v_cor": 1.7696940829708556,
        "z_ave": 26.869248705625004,
        "v_seq": [
            1.7696940829708563,
            5.419694082970857,
            9.069694082970857
        ],
        "efield": [
            0.024758584221310838,
            0.07582324747433974,
            0.12688791072736863
        ]
    },
    "pbc": {
        "z_lo": 5.906250416875,
        "z_hi": 35.598751544375006
    }
}