{
    "lo": {
        "v_zero": 0.5623746887779257,
        "v_cor": 8.48952419761025,
        "z_ave": 26.910498542500005,
        "v_seq": [
            8.48952419761025,
            12.13952419761025,
            15.78952419761025
        ],
        "efield": [
            0.11877114913134458,
            0.16983581238437348,
            0.2209004756374024
        ]
    },
    "hi": {
        "v_zero": 3.563987040489809,
        "v_cor": -6.593850330742717,
        "z_ave": 26.909248903750004,
        "v_seq": [
            -6.593850330742717,
            -2.943850330742717,
            0.7061496692572833
        ],
        "efield": [
            -0.09225006758363016,
            -0.04118540433060126,
            0.009879258922427645
        ]
    },
    "pbc": {
        "z_lo": 5.9225002225,
        "z_hi": 35.60875153625
    }
}