{
    "lo": {
        "v_zero": 3.3957190494065452,
        "v_cor": -3.750909514802254,
        "z_ave": 26.941125739375,
        "v_seq": [
            -3.750909514802254,
            -0.10090951480225385,
            3.5490904851977465
        ],
        "efield": [
            -0.052476419524920305,
            -0.001411756271891405,
            0.0496529069811375
        ]
    },
    "hi": {
        "v_zero": 1.5457540640241094,
        "v_cor": 1.582925033619589,
        "z_ave": 26.891124087500003,
        "v_seq": [
            1.5829250336195884,
            5.232925033619589,
            8.882925033619589
        ],
        "efield": [
            0.02214562569769143,
            0.07321028895072033,
            0.12427495220374923
        ]
    },
    "pbc": {
        "z_lo": 5.943125279375,
        "z_hi": 35.6168766025
    }
}