{
    "lo": {
        "v_zero": 0.9309298764940286,
        "v_cor": 2.2182233674962584,
        "z_ave": 26.941122366875003,
        "v_seq": [
            5.86822336749626,
            9.51822336749626,
            13.16822336749626
        ],
        "efield": [
            0.08209831511089088,
            0.1331629783639198,
            0.18422764161694868
        ]
    },
    "hi": {
        "v_zero": 2.200235047968829,
        "v_cor": -2.665793273199995,
        "z_ave": 27.013622831875,
        "v_seq": [
            -2.665793273199995,
            0.9842067268000054,
            4.634206726800006
        ],
        "efield": [
            -0.03729529747894449,
            0.013769365774084408,
            0.06483402902711331
        ]
    },
    "pbc": {
        "z_lo": 5.923125266874999,
        "z_hi": 35.524377108124995
    }
}