{
    "lo": {
        "v_zero": -0.7107338897690612,
        "v_cor": 11.317602430766403,
        "z_ave": 26.976749967500005,
        "v_seq": [
            14.967602430766402,
            18.617602430766404,
            22.267602430766402
        ],
        "efield": [
            0.2094015281732337,
            0.26046619142626265,
            0.31153085467929154
        ]
    },
    "hi": {
        "v_zero": 3.4397564967230156,
        "v_cor": -12.212422840311074,
        "z_ave": 26.947374179375004,
        "v_seq": [
            -12.212422840311074,
            -8.562422840311074,
            -4.9124228403110735
        ],
        "efield": [
            -0.17085568762851608,
            -0.11979102437548718,
            -0.06872636112245828
        ]
    },
    "pbc": {
        "z_lo": 5.9287502775,
        "z_hi": 35.570626260625
    }
}