{
    "lo": {
        "v_zero": 0.6021004202565753,
        "v_cor": -13.050655586807697,
        "z_ave": 26.981124508125,
        "v_seq": [
            5.199344413192307,
            8.849344413192307,
            12.499344413192308
        ],
        "efield": [
            0.07274048536881707,
            0.12380514862184597,
            0.17486981187487488
        ]
    },
    "hi": {
        "v_zero": 0.8060382683334735,
        "v_cor": 0.14558663627857268,
        "z_ave": 26.917373971875,
        "v_seq": [
            7.445586636278573,
            11.095586636278574,
            14.745586636278574
        ],
        "efield": [
            0.1041661299459774,
            0.1552307931990063,
            0.2062954564520352
        ]
    },
    "pbc": {
        "z_lo": 5.9531252681249995,
        "z_hi": 35.600626468125
    }
}