{
    "lo": {
        "v_zero": 1.6831399085225267,
        "v_cor": 2.3351189808430868,
        "z_ave": 26.994249921250002,
        "v_seq": [
            2.3351189808430863,
            5.985118980843087,
            9.635118980843087
        ],
        "efield": [
            0.03266905874315294,
            0.08373372199618184,
            0.13479838524921076
        ]
    },
    "hi": {
        "v_zero": 2.616841425456834,
        "v_cor": -1.637113588164134,
        "z_ave": 26.94549901625,
        "v_seq": [
            -1.6371135881641337,
            2.0128864118358667,
            5.662886411835867
        ],
        "efield": [
            -0.02290374084563269,
            0.028160922407396212,
            0.07922558566042512
        ]
    },
    "pbc": {
        "z_lo": 5.94625023125,
        "z_hi": 35.58250117375
    }
}