{
    "lo": {
        "v_zero": 0.1061837832745085,
        "v_cor": 7.987761469612471,
        "z_ave": 26.946749966250003,
        "v_seq": [
            7.987761469612471,
            11.637761469612471,
            15.287761469612471
        ],
        "efield": [
            0.11175132865514521,
            0.1628159919081741,
            0.21388065516120303
        ]
    },
    "hi": {
        "v_zero": 3.1645350925130367,
        "v_cor": -7.6125132068449295,
        "z_ave": 26.835498887500005,
        "v_seq": [
            -7.6125132068449295,
            -3.962513206844929,
            -0.3125132068449288
        ],
        "efield": [
            -0.10650148586760862,
            -0.05543682261457971,
            -0.004372159361550809
        ]
    },
    "pbc": {
        "z_lo": 5.8987502762499995,
        "z_hi": 35.6225016125
    }
}