{
    "lo": {
        "v_zero": -0.18357133342727827,
        "v_cor": 4.640952902962702,
        "z_ave": 27.003622074375002,
        "v_seq": [
            8.290952902962703,
            11.940952902962703,
            15.590952902962703
        ],
        "efield": [
            0.11599307343466105,
            0.16705773668768994,
            0.21812239994071883
        ]
    },
    "hi": {
        "v_zero": 2.5105888060235846,
        "v_cor": -5.09304238123076,
        "z_ave": 26.921123103124998,
        "v_seq": [
            -1.44304238123076,
            2.2069576187692403,
            5.856957618769241
        ],
        "efield": [
            -0.020188622810245947,
            0.030876040442782957,
            0.08194070369581186
        ]
    },
    "pbc": {
        "z_lo": 5.915625274375,
        "z_hi": 35.556876896875
    }
}