{
    "lo": {
        "v_zero": -0.18964522066813513,
        "v_cor": 4.3456907360504315,
        "z_ave": 26.91737400125,
        "v_seq": [
            7.995690736050431,
            11.645690736050431,
            15.295690736050432
        ],
        "efield": [
            0.11186226161966521,
            0.1629269248726941,
            0.21399158812572303
        ]
    },
    "hi": {
        "v_zero": 3.478388737265303,
        "v_cor": -6.3163120027503314,
        "z_ave": 26.948623973125002,
        "v_seq": [
            -6.3163120027503314,
            -2.666312002750331,
            0.9836879972496693
        ],
        "efield": [
            -0.08836721792370143,
            -0.037302554670672526,
            0.013762108582356377
        ]
    },
    "pbc": {
        "z_lo": 5.90937522125,
        "z_hi": 35.549376486875005
    }
}