{
    "lo": {
        "v_zero": 1.7364501240342962,
        "v_cor": 0.9020213512296472,
        "z_ave": 26.980500411875003,
        "v_seq": [
            0.9020213512296475,
            4.552021351229648,
            8.202021351229648
        ],
        "efield": [
            0.012619566177420289,
            0.0636842294304492,
            0.1147488926834781
        ]
    },
    "hi": {
        "v_zero": 2.07830895271379,
        "v_cor": -1.2987085587443223,
        "z_ave": 27.0242489075,
        "v_seq": [
            -1.2987085587443223,
            2.351291441255678,
            6.001291441255678
        ],
        "efield": [
            -0.018169346634549402,
            0.0328953166184795,
            0.0839599798715084
        ]
    },
    "pbc": {
        "z_lo": 5.912500261875,
        "z_hi": 35.5837512025
    }
}