{
    "lo": {
        "v_zero": 1.3718457355186247,
        "v_cor": -2.3983904969358187,
        "z_ave": 26.925500290000002,
        "v_seq": [
            -2.3983904969358187,
            1.2516095030641816,
            4.901609503064182
        ],
        "efield": [
            -0.03355424741788828,
            0.017510415835140625,
            0.06857507908816952
        ]
    },
    "hi": {
        "v_zero": 1.3834782922573752,
        "v_cor": 0.6003219053878299,
        "z_ave": 26.965498998125,
        "v_seq": [
            0.6003219053878297,
            4.25032190538783,
            7.90032190538783
        ],
        "efield": [
            0.008398694778642794,
            0.059463358031671694,
            0.1105280212847006
        ]
    },
    "pbc": {
        "z_lo": 5.947500290000001,
        "z_hi": 35.582501651875
    }
}