{
    "lo": {
        "v_zero": 2.6546433309999533,
        "v_cor": -4.356676491306378,
        "z_ave": 26.969250666249998,
        "v_seq": [
            -4.356676491306378,
            -0.7066764913063777,
            2.9433235086936227
        ],
        "efield": [
            -0.06095129258382128,
            -0.009886629330792377,
            0.041178033922236526
        ]
    },
    "hi": {
        "v_zero": 1.110966313842171,
        "v_cor": 1.063931830907342,
        "z_ave": 26.977372716875003,
        "v_seq": [
            1.0639318309073413,
            4.713931830907342,
            8.363931830907342
        ],
        "efield": [
            0.014884745388893662,
            0.06594940864192257,
            0.11701407189495147
        ]
    },
    "pbc": {
        "z_lo": 5.97125020625,
        "z_hi": 35.610627413125
    }
}