{
    "lo": {
        "v_zero": 4.021505898296606,
        "v_cor": -17.3870837708146,
        "z_ave": 26.909872395,
        "v_seq": [
            -17.3870837708146,
            -13.737083770814598,
            -10.087083770814598
        ],
        "efield": [
            -0.24325084320790447,
            -0.19218617995487558,
            -0.14112151670184667
        ]
    },
    "hi": {
        "v_zero": -0.20361399462908109,
        "v_cor": 12.97341270560674,
        "z_ave": 26.865499335000006,
        "v_seq": [
            12.97341270560674,
            16.62341270560674,
            20.27341270560674
        ],
        "efield": [
            0.18150217837106158,
            0.23256684162409044,
            0.28363150487711936
        ]
    },
    "pbc": {
        "z_lo": 5.891875295,
        "z_hi": 35.592501164999995
    }
}