{
    "lo": {
        "v_zero": 1.401476114980171,
        "v_cor": -9.316405847790245,
        "z_ave": 26.8817459825,
        "v_seq": [
            -9.316405847790245,
            -5.666405847790244,
            -2.016405847790244
        ],
        "efield": [
            -0.13033948694409808,
            -0.0792748236910692,
            -0.02821016043804029
        ]
    },
    "hi": {
        "v_zero": -0.10422670901451078,
        "v_cor": 4.6355334223208455,
        "z_ave": 26.9279983775,
        "v_seq": [
            4.6355334223208455,
            8.285533422320846,
            11.935533422320846
        ],
        "efield": [
            0.064852589920267,
            0.1159172531732959,
            0.16698191642632482
        ]
    },
    "pbc": {
        "z_lo": 5.9237502525,
        "z_hi": 35.6000018125
    }
}