{
    "lo": {
        "v_zero": 1.457104337469694,
        "v_cor": 1.114371784947364,
        "z_ave": 26.926748975625003,
        "v_seq": [
            1.1143717849473642,
            4.764371784947365,
            8.414371784947365
        ],
        "efield": [
            0.015590416421099696,
            0.06665507967412859,
            0.1177197429271575
        ]
    },
    "hi": {
        "v_zero": 3.2158416114947146,
        "v_cor": -1.4817247815446462,
        "z_ave": 26.984248708750002,
        "v_seq": [
            -1.4817247815446457,
            2.1682752184553546,
            5.818275218455355
        ],
        "efield": [
            -0.020729801918697298,
            0.030334861334331605,
            0.08139952458736051
        ]
    },
    "pbc": {
        "z_lo": 5.918750195625,
        "z_hi": 35.58375144125
    }
}