{
    "lo": {
        "v_zero": 4.69587248216829,
        "v_cor": -22.484593293425228,
        "z_ave": 26.966122793125002,
        "v_seq": [
            -22.484593293425228,
            -18.83459329342523,
            -15.184593293425227
        ],
        "efield": [
            -0.31456662600275925,
            -0.26350196274973037,
            -0.21243729949670143
        ]
    },
    "hi": {
        "v_zero": -0.764782394571541,
        "v_cor": 18.34282059043032,
        "z_ave": 26.961748913750004,
        "v_seq": [
            18.34282059043032,
            21.99282059043032,
            25.642820590430322
        ],
        "efield": [
            0.25662190590713674,
            0.3076865691601656,
            0.3587512324131945
        ]
    },
    "pbc": {
        "z_lo": 5.928125233125,
        "z_hi": 35.556251526249994
    }
}