{
    "lo": {
        "v_zero": 0.5496320408775629,
        "v_cor": 2.0497363028682045,
        "z_ave": 26.94987271875,
        "v_seq": [
            2.0497363028682045,
            5.699736302868205,
            9.349736302868205
        ],
        "efield": [
            0.028676464126978992,
            0.0797411273800079,
            0.1308057906330368
        ]
    },
    "hi": {
        "v_zero": 0.9310324180561566,
        "v_cor": -2.607369251222347,
        "z_ave": 26.924873425624998,
        "v_seq": [
            -2.607369251222347,
            1.0426307487776532,
            4.6926307487776535
        ],
        "efield": [
            -0.03647792679177295,
            0.014586736461255953,
            0.06565139971428485
        ]
    },
    "pbc": {
        "z_lo": 5.91187515875,
        "z_hi": 35.603126764375
    }
}