{
    "lo": {
        "v_zero": 0.4739780385609138,
        "v_cor": 3.552541696403236,
        "z_ave": 26.945499526875,
        "v_seq": [
            3.5525416964032352,
            7.202541696403236,
            10.852541696403236
        ],
        "efield": [
            0.04970119052580143,
            0.10076585377883034,
            0.15183051703185924
        ]
    },
    "hi": {
        "v_zero": 1.447078791866889,
        "v_cor": -3.003028422346907,
        "z_ave": 26.92174871625,
        "v_seq": [
            -3.0030284223469064,
            0.646971577653094,
            4.296971577653094
        ],
        "efield": [
            -0.0420133246921697,
            0.0090513385608592,
            0.060116001813888105
        ]
    },
    "pbc": {
        "z_lo": 5.917500286875001,
        "z_hi": 35.58625197375
    }
}