{
    "lo": {
        "v_zero": 2.040747890167097,
        "v_cor": 2.8931489976649427,
        "z_ave": 26.992373336249997,
        "v_seq": [
            2.8931489976649427,
            6.543148997664943,
            10.193148997664943
        ],
        "efield": [
            0.04047607652235572,
            0.09154073977538463,
            0.14260540302841354
        ]
    },
    "hi": {
        "v_zero": 2.229303355169829,
        "v_cor": -3.4965927745758574,
        "z_ave": 26.9742492,
        "v_seq": [
            -3.4965927745758574,
            0.15340722542414298,
            3.8034072254241433
        ],
        "efield": [
            -0.048918447278545246,
            0.0021462159744836586,
            0.05321087922751256
        ]
    },
    "pbc": {
        "z_lo": 5.93437531625,
        "z_hi": 35.57375145
    }
}