{
    "lo": {
        "v_zero": 0.4053630505804519,
        "v_cor": 7.398046233727695,
        "z_ave": 27.003625346250004,
        "v_seq": [
            7.398046233727694,
            11.048046233727694,
            14.698046233727695
        ],
        "efield": [
            0.10350102456318998,
            0.15456568781621888,
            0.2056303510692478
        ]
    },
    "hi": {
        "v_zero": 2.6960529418798003,
        "v_cor": -8.893109053767855,
        "z_ave": 27.0636235075,
        "v_seq": [
            -8.893109053767855,
            -5.243109053767855,
            -1.5931090537678543
        ],
        "efield": [
            -0.1244174298912652,
            -0.0733527666382363,
            -0.022288103385207394
        ]
    },
    "pbc": {
        "z_lo": 5.935625196250001,
        "z_hi": 35.5643765925
    }
}