{
    "lo": {
        "v_zero": 0.47797022253114235,
        "v_cor": -12.413325833409552,
        "z_ave": 26.979248683750004,
        "v_seq": [
            2.18667416659045,
            5.83667416659045,
            9.48667416659045
        ],
        "efield": [
            0.030592268482476422,
            0.08165693173550533,
            0.13272159498853422
        ]
    },
    "hi": {
        "v_zero": 0.2927886919259254,
        "v_cor": -1.0601122102452964,
        "z_ave": 26.921124057500005,
        "v_seq": [
            9.889887789754702,
            13.539887789754703,
            17.189887789754703
        ],
        "efield": [
            0.13836268208056607,
            0.18942734533359495,
            0.24049200858662387
        ]
    },
    "pbc": {
        "z_lo": 5.90125021375,
        "z_hi": 35.586876632499994
    }
}