{
    "lo": {
        "v_zero": 1.1002671837747986,
        "v_cor": 0.7747599899451142,
        "z_ave": 26.94987271875,
        "v_seq": [
            0.7747599899451139,
            4.274759989945114,
            7.774759989945114
        ],
        "efield": [
            0.010839139174922546,
            0.05980525462303245,
            0.10877137007114235
        ]
    },
    "hi": {
        "v_zero": 0.7859819142220563,
        "v_cor": -2.16251425882409,
        "z_ave": 26.924873425624998,
        "v_seq": [
            4.837485741175911,
            8.337485741175911,
            11.837485741175911
        ],
        "efield": [
            0.06767796722314433,
            0.11664408267125423,
            0.16561019811936414
        ]
    },
    "pbc": {
        "z_lo": 5.91187515875,
        "z_hi": 35.603126764375
    }
}