{
    "lo": {
        "v_zero": -0.10627969230944896,
        "v_cor": 11.464271627434936,
        "z_ave": 26.976749967500005,
        "v_seq": [
            14.964271627434936,
            18.464271627434936,
            21.964271627434936
        ],
        "efield": [
            0.2093549291731013,
            0.2583210446212112,
            0.3072871600693211
        ]
    },
    "hi": {
        "v_zero": 2.6128734015401953,
        "v_cor": -11.798609876895558,
        "z_ave": 26.947374179375004,
        "v_seq": [
            -11.798609876895558,
            -8.298609876895558,
            -4.798609876895558
        ],
        "efield": [
            -0.16506631238836503,
            -0.11610019694025514,
            -0.06713408149214524
        ]
    },
    "pbc": {
        "z_lo": 5.9287502775,
        "z_hi": 35.570626260625
    }
}