{
    "lo": {
        "v_zero": 2.389801267703885,
        "v_cor": -0.3979991428367996,
        "z_ave": 26.917998595000004,
        "v_seq": [
            -0.3979991428367997,
            3.2520008571632006,
            6.902000857163201
        ],
        "efield": [
            -0.005568134850398719,
            0.04549652840263018,
            0.09656119165565909
        ]
    },
    "hi": {
        "v_zero": 2.428534666089064,
        "v_cor": 0.6322809652989184,
        "z_ave": 26.931749179999997,
        "v_seq": [
            0.6322809652989188,
            4.282280965298919,
            7.9322809652989195
        ],
        "efield": [
            0.008845812212134065,
            0.05991047546516297,
            0.11097513871819187
        ]
    },
    "pbc": {
        "z_lo": 5.930000274999999,
        "z_hi": 35.61625147
    }
}