{
    "lo": {
        "v_zero": 2.2452770423351955,
        "v_cor": -13.571870581400795,
        "z_ave": 27.006123263124998,
        "v_seq": [
            -6.571870581400795,
            -3.0718705814007947,
            0.4281294185992053
        ],
        "efield": [
            -0.09194256388540242,
            -0.042976448437292515,
            0.0059896670108173875
        ]
    },
    "hi": {
        "v_zero": -0.2668713839273928,
        "v_cor": 13.323319773407656,
        "z_ave": 26.991123270000003,
        "v_seq": [
            13.323319773407654,
            16.823319773407654,
            20.323319773407654
        ],
        "efield": [
            0.1863974897647899,
            0.2353636052128998,
            0.2843297206610097
        ]
    },
    "pbc": {
        "z_lo": 5.948125243125,
        "z_hi": 35.57687688
    }
}